<?xml version="1.0" encoding="UTF-8"?>
<project-private xmlns="http://www.netbeans.org/ns/project-private/1">
    <editor-bookmarks xmlns="http://www.netbeans.org/ns/editor-bookmarks/2" lastBookmarkId="0"/>
    <open-files xmlns="http://www.netbeans.org/ns/projectui-open-files/2">
        <group>
            <file>file:/D:/CadenzaNEA/src/cadenzanea/CadenzaPreloader.java</file>
            <file>file:/D:/CadenzaNEA/src/cadenzanea/cadence.css</file>
            <file>file:/D:/CadenzaNEA/src/cadenzanea/RecTools.java</file>
            <file>file:/D:/CadenzaNEA/src/cadenzanea/CadenzaNEA.java</file>
            <file>file:/D:/CadenzaNEA/src/cadenzanea/FXMLDocumentController.java</file>
        </group>
    </open-files>
</project-private>
